product_id,product_name,deltaPrice,deltaRatio,globalPrice,delta_values_used,global_values_used,lowPrice,marketPrice,midPrice
9722,Cephalid Aristocrat,2.0925000000000002,0.07168458781362005,2.0925000000000002,4,2,0.15,3.12,0.84
89658,Swablu,2.1062499999999997,0.1851632047477745,2.1062499999999997,4,2,0.39,3.03,0.92
18411,Forest (300),2.1100000000000003,0.13744075829383884,2.1100000000000003,4,2,0.29,3.06,1.0
244418,Yuan-Ti Malison,2.1312499999999996,0.12199413489736073,2.1312499999999996,4,2,0.26,3.05,1.28
32759,Wall of Faith,2.1425,0.07001166861143523,2.1425,4,2,0.15,3.27,0.49
26715,"Lumina, Lightsworn Summoner",2.155,0.20881670533642693,2.155,4,2,0.45,3.07,0.99
83523,Altaria C,2.15625,0.1855072463768116,2.15625,4,2,0.4,3.13,0.8
89450,Spheal,2.15875,0.20845396641574987,2.15875,4,2,0.45,3.1,0.87
22841,Despair from the Dark,2.1862500000000002,0.07775871926815323,2.1862500000000002,4,2,0.17,3.23,1.0
11747,Pteron Ghost,2.1875,0.09142857142857143,2.1875,4,2,0.2,3.22,1.0
57894,Evolving Wilds,2.21,0.22624434389140272,2.21,4,2,0.5,3.03,1.53
9289,Cease-Fire,2.21375,0.17165443252399773,2.21375,4,2,0.38,3.23,0.8
84022,Buizel,2.2175000000000002,0.2029312288613303,2.2175000000000002,4,2,0.45,3.17,0.99
56228,Paraselene,2.21875,0.12169014084507043,2.21875,4,2,0.27,3.06,1.91
96689,Virulent Plague,2.23,0.08520179372197309,2.23,4,2,0.19,3.2,1.46
84751,Delibird,2.23125,0.2689075630252101,2.23125,4,2,0.6,3.14,0.95
107048,Koffing,2.23125,0.22408963585434172,2.23125,4,2,0.5,3.04,1.65
89243,Skarmory,2.235,0.29082774049217003,2.235,4,2,0.65,3.03,1.43
282359,Droll & Lock Bird,2.2424999999999997,0.1560758082497213,2.2424999999999997,4,2,0.35,3.02,2.14
479737,Trapinch (Delta Species) - 2007 (Jun Hasebe),2.2487500000000002,0.1734296831573096,2.2487500000000002,4,2,0.39,3.04,2.01
244127,Magic Missile Art Card (Gold-Stamped),2.25,0.17777777777777778,2.25,4,2,0.4,3.14,1.5
85652,Gastly,2.25,0.3333333333333333,2.25,4,2,0.75,3.1,1.0
42408,Squirtle,2.2625,0.17679558011049723,2.2625,4,2,0.4,3.09,1.85
111265,Ruins of Oran-Rief,2.26625,0.2824048538334253,2.26625,4,2,0.64,3.02,1.75
31772,Marrow Chomper,2.27625,0.08786381109280615,2.27625,4,2,0.2,3.39,0.86
110426,Rhyhorn - 8/12,2.28125,0.19287671232876713,2.28125,4,2,0.44,3.17,1.52
11982,Dripping-Tongue Zubera,2.2824999999999998,0.19715224534501646,2.2824999999999998,4,2,0.45,3.26,1.06
27736,Mountain (243),2.28375,0.28899835796387524,2.28375,4,2,0.66,3.03,1.8
498557,Arcane Melee,2.29,0.19213973799126638,2.29,4,2,0.44,3.02,2.34
83842,Bisharp (76),2.29125,0.17021276595744683,2.29125,4,2,0.39,3.34,0.85
13850,Delirium Skeins,2.2975,0.2176278563656148,2.2975,4,2,0.5,3.09,1.93
90425,Voltorb,2.30375,0.13022246337493218,2.30375,4,2,0.3,3.32,1.23
68274,Maelstrom Pulse,2.30625,0.21680216802168023,2.30625,4,2,0.5,3.15,1.7
23611,Dust Tornado,2.31,0.21645021645021645,2.31,4,2,0.5,3.02,2.38
87168,Manectric G,2.3175,0.2243797195253506,2.3175,4,2,0.52,3.25,1.25
6411,Vigilant Drake,2.3225,0.21528525296017226,2.3225,4,2,0.5,3.04,2.38
480544,Double Colorless Energy - 2012 (Zachary Bokhari),2.3225,0.1636167922497309,2.3225,4,2,0.38,3.09,2.37
236404,Knight of the White Orchid,2.325,0.2150537634408602,2.325,4,2,0.5,3.07,2.25
14330,Primal Forcemage,2.32625,0.1633530360021494,2.32625,4,2,0.38,3.37,1.0
14911,Infiltrator il-Kor,2.3275,0.10311493018259935,2.3275,4,2,0.24,3.47,0.79
67121,Atlantean Marksman,2.32875,0.20182501341921633,2.32875,4,2,0.47,3.13,2.04
22777,Dragon Seeker,2.3325,0.3215434083601286,2.3325,4,2,0.75,3.07,1.81
273430,Pact Weapon (Extended Art),2.33625,0.2825040128410915,2.33625,4,2,0.66,3.18,1.47
507599,"Vega, the Watcher",2.3375000000000004,0.11978609625668449,2.3375000000000004,4,2,0.28,3.18,2.24
88292,Ponyta,2.3425000000000002,0.2134471718249733,2.3425000000000002,4,2,0.5,3.25,1.49
121430,Knights of the Black Rose,2.3475,0.21299254526091585,2.3475,4,2,0.5,3.11,2.23
248709,Fiendslayer Paladin,2.34875,0.1660457690260777,2.34875,4,2,0.39,3.08,2.61
84288,Chimchar,2.34875,0.29377328366152206,2.34875,4,2,0.69,3.02,2.31
8991,Black Ward,2.3525,0.21253985122210414,2.3525,4,2,0.5,3.2,1.82
94444,Ur-Golem's Eye,2.35375,0.11471056824216677,2.35375,4,2,0.27,3.35,1.54
24737,Mystical Shine Ball,2.35375,0.09771640998406798,2.35375,4,2,0.23,3.51,0.82
22231,Molten Destruction,2.36125,0.33456855479089465,2.36125,4,2,0.79,3.07,1.96
90620,Wobbuffet,2.3674999999999997,0.38014783526927143,2.3674999999999997,4,2,0.9,3.04,1.94
1336,Aspect of Wolf,2.3675,0.2829989440337909,2.3675,4,2,0.67,3.18,1.7
212416,Halimar Depths,2.3725,0.1643835616438356,2.3725,4,2,0.39,3.27,1.85
454032,Arcane Proxy,2.3725,0.3245521601685985,2.3725,4,2,0.77,3.1,1.94
22702,Hane-Hane,2.3725,0.2908324552160168,2.3725,4,2,0.69,3.08,2.2
140067,Well of Lost Dreams,2.375,0.24842105263157893,2.375,4,2,0.59,3.06,2.52
269220,All-Seeing Arbiter,2.37625,0.10520778537611783,2.37625,4,2,0.25,3.14,2.81
86230,Houndour (53),2.3775,0.29863301787592006,2.3775,4,2,0.71,3.32,1.0
541465,Arcade Gannon (Extended Art) (Surge Foil),2.38,0.21008403361344538,2.38,4,2,0.5,3.02,2.94
265067,Fabled Lurrie,2.3812499999999996,0.041994750656167985,2.3812499999999996,4,2,0.1,3.36,2.05
540959,Tato Farmer,2.38375,0.18877818563188253,2.38375,4,2,0.45,3.22,2.07
90202,Unown [C],2.38875,0.4186289900575615,2.38875,4,2,1.0,3.04,1.91
9347,Cephalid Looter,2.3925,0.27586206896551724,2.3925,4,2,0.66,3.11,2.27
9114,Lance,2.3949999999999996,0.3298538622129437,2.3949999999999996,4,2,0.79,3.01,2.53
120234,Summary Dismissal,2.395,0.20876826722338204,2.395,4,2,0.5,3.1,2.66
86192,Horsea,2.3962499999999998,0.35889410537297867,2.3962499999999998,4,2,0.86,3.09,2.0
90068,Trubbish (64),2.3987499999999997,0.2084418968212611,2.3987499999999997,4,2,0.5,3.46,0.89
22714,Oscillo Hero,2.40625,0.37402597402597404,2.40625,4,2,0.9,3.09,2.0
480981,Skyla - 2014 (Trent Orndorff),2.40625,0.2077922077922078,2.40625,4,2,0.5,3.15,2.5
25210,Dark Magician,2.4075,0.20768431983385252,2.4075,4,2,0.5,3.06,2.96
85916,Grotle,2.41125,0.10782789009849664,2.41125,4,2,0.26,3.39,1.82
9014,Conservator,2.4124999999999996,0.4269430051813472,2.4124999999999996,4,2,1.03,3.05,1.99
492624,Dragon Throne of Tarkir,2.415,0.16149068322981366,2.415,4,2,0.39,3.23,2.39
87142,Mamoswine GL,2.41875,0.31007751937984496,2.41875,4,2,0.75,3.25,1.6
287111,Goblin Blastronauts (Galaxy Foil),2.42,0.2066115702479339,2.42,4,2,0.5,3.06,3.06
491445,Fellwar Stone,2.4225,0.30546955624355004,2.4225,4,2,0.74,3.17,2.05
228142,Thrull Token,2.4225000000000003,0.28482972136222906,2.4225000000000003,4,2,0.69,3.1,2.5
7739,Vodalian Hypnotist,2.425,0.177319587628866,2.425,4,2,0.43,3.11,2.99
89291,Slaking,2.425,0.4123711340206186,2.425,4,2,1.0,3.12,1.8
90734,Zekrom - BW24,2.425,0.4123711340206186,2.425,4,2,1.0,3.08,2.0
87494,Minun,2.42875,0.4076170869788986,2.42875,4,2,0.99,3.09,2.0
90218,Unown [K],2.4325,0.31654676258992803,2.4325,4,2,0.77,3.39,0.97
39107,Titan Forge,2.43375,0.19722650231124808,2.43375,4,2,0.48,3.31,1.96
254588,Joraga Treespeaker,2.4375,0.39794871794871794,2.4375,4,2,0.97,3.04,2.36
11987,Ember-Fist Zubera,2.4387499999999998,0.1230138390568939,2.4387499999999998,4,2,0.3,3.17,3.06
255770,Fleshtaker,2.4425,0.32753326509723646,2.4425,4,2,0.8,3.06,2.64
177277,Cloud Pirates (Reminder Text),2.4425,0.5609007164790175,2.4425,4,2,1.37,3.02,1.7
22632,Fissure,2.44375,0.30281329923273653,2.44375,4,2,0.74,3.1,2.57
88287,Ponyta,2.44375,0.20051150895140663,2.44375,4,2,0.49,3.27,2.22
97079,Double Aqua Energy,2.445,0.3680981595092025,2.445,4,2,0.9,3.13,2.11
80296,Worm Bait (5D's Tag Force 4),2.44625,0.34747061829330605,2.44625,4,2,0.85,3.06,2.57
590335,Herald of War,2.4475,0.30643513789581206,2.4475,4,2,0.75,3.01,3.03
490798,"Rona, Herald of Invasion",2.4487499999999995,0.3266972945380297,2.4487499999999995,4,2,0.8,3.01,2.94
7734,Verduran Emissary,2.44875,0.110260336906585,2.44875,4,2,0.27,3.4,2.05
3954,Marhault Elsdragon,2.44875,0.23277182235834606,2.44875,4,2,0.57,3.13,2.8
239802,"Lonis, Cryptozoologist",2.45,0.05714285714285714,2.45,4,2,0.14,3.49,1.87
10732,Master of the Veil,2.45,0.4081632653061224,2.45,4,2,1.0,3.07,2.25
89200,Shuppet,2.45,0.38775510204081626,2.45,4,2,0.95,3.04,2.5
9228,Throne of Bone,2.45125,0.42019377868434477,2.45125,4,2,1.03,3.01,2.5
14909,Imperial Mask,2.45125,0.19581845996940336,2.45125,4,2,0.48,3.13,3.0
126305,Fighting Energy (2013 Unnumbered),2.45125,0.29780724120346763,2.45125,4,2,0.73,3.42,1.05
27839,Violent Ultimatum,2.4524999999999997,0.4036697247706422,2.4524999999999997,4,2,0.99,3.11,2.09
31724,Enigma Sphinx,2.45375,0.26490066225165565,2.45375,4,2,0.65,3.01,3.28
83711,Baltoy - 53/101,2.45375,0.38308711156393277,2.45375,4,2,0.94,3.25,1.5
183420,Open the Gates,2.45625,0.20356234096692113,2.45625,4,2,0.5,3.13,3.0
87888,Oran Berry,2.45875,0.36603965429588203,2.45875,4,2,0.9,3.16,2.07
203547,Wellwisher,2.46,0.32113821138211385,2.46,4,2,0.79,3.2,2.1
98734,Flygon EX,2.4612499999999997,0.4916201117318436,2.4612499999999997,4,2,1.21,3.04,2.07
5640,Mongrel Pack,2.4625,0.14213197969543148,2.4625,4,2,0.35,3.44,1.8
102787,"Tariel, Reckoner of Souls",2.46375,0.3896499238964992,2.46375,4,2,0.96,3.06,2.49
98510,Profane Command,2.465,0.3245436105476674,2.465,4,2,0.8,3.09,2.67
125622,Raven's Run (Planechase Anthology),2.46625,0.10947795235681704,2.46625,4,2,0.27,3.14,3.49
56224,Intangible Virtue,2.47,0.20242914979757085,2.47,4,2,0.5,3.47,1.41
14649,Stupor,2.4725,0.20222446916076844,2.4725,4,2,0.5,3.52,1.18
23364,Ninja Grandmaster Sasuke,2.47375,0.3880747852450733,2.47375,4,2,0.96,3.19,1.92
88466,Purugly G,2.47375,0.3638201111672562,2.47375,4,2,0.9,3.33,1.34
241891,Flumph,2.4749999999999996,0.20202020202020204,2.4749999999999996,4,2,0.5,3.19,2.85
96470,Atarka's Command,2.475,0.32323232323232326,2.475,4,2,0.8,3.04,3.0
96908,Five-Headed Dragon,2.475,0.39999999999999997,2.475,4,2,0.99,3.04,2.62
242961,"Celestia, Lightsworn Angel",2.475,0.32323232323232326,2.475,4,2,0.8,3.02,3.1
25257,Raigeki Break,2.475,0.40404040404040403,2.475,4,2,1.0,3.15,2.05
85114,Electabuzz,2.475,0.40404040404040403,2.475,4,2,1.0,3.07,2.45
23340,Total Defense Shogun,2.47625,0.39979808177688037,2.47625,4,2,0.99,3.03,2.68
7650,Shackles,2.4762500000000003,0.17768803634528013,2.4762500000000003,4,2,0.44,3.35,2.18
5868,Kaervek's Spite,2.4775,0.22199798183652877,2.4775,4,2,0.55,3.12,3.12
193447,Starfield Mystic,2.4775,0.3148335015136226,2.4775,4,2,0.78,3.06,2.96
100239,Gnarlroot Trapper,2.48,0.32258064516129037,2.48,4,2,0.8,3.05,2.99
14416,Venser's Sliver,2.4850000000000003,0.20120724346076457,2.4850000000000003,4,2,0.5,3.12,3.28
180777,Wall of Reverence,2.48625,0.32176973353443944,2.48625,4,2,0.8,3.04,3.09
835,Censorship,2.4875,0.42211055276381915,2.4875,4,2,1.05,3.05,2.55
59085,Trial and Tribulation,2.4887499999999996,0.4339527875439479,2.4887499999999996,4,2,1.08,3.03,2.6
123469,Greninja - 40/122 (XY BREAKpoint),2.4899999999999998,0.5622489959839357,2.4899999999999998,4,2,1.4,3.05,1.87
9559,Woodland Druid,2.49,0.1686746987951807,2.49,4,2,0.42,3.37,2.23
88243,Pokenav,2.49,0.3975903614457831,2.49,4,2,0.99,3.14,2.24
27700,Invincible Hymn,2.49125,0.2809834420471651,2.49125,4,2,0.7,3.4,1.53
6316,Ghitu Fire-Eater,2.49125,0.32915203211239336,2.49125,4,2,0.82,3.26,1.99
85816,Golduck,2.49125,0.4375313597591571,2.49125,4,2,1.09,3.05,2.5
88520,Raichu (#19 Non-Holo),2.49125,0.4977420973406924,2.49125,4,2,1.24,3.09,2.0
94565,El Shaddoll Grysta,2.4924999999999997,0.3650952858575728,2.4924999999999997,4,2,0.91,3.01,3.07
84366,Cleffa,2.4924999999999997,0.47342026078234706,2.4924999999999997,4,2,1.18,3.13,1.93
84358,Clefairy,2.4925,0.40120361083249745,2.4925,4,2,1.0,3.16,2.14
90707,Zangoose,2.49625,0.37656484727090633,2.49625,4,2,0.94,3.02,2.99
3944,Life Chisel,2.4975,0.37237237237237236,2.4975,4,2,0.93,3.02,3.02
255183,"Grolnok, the Omnivore",2.4975,0.20020020020020018,2.4975,4,2,0.5,3.17,3.13
12164,Shimatsu the Bloodcloaked,2.49875,0.32016008004002006,2.49875,4,2,0.8,3.09,2.94
33396,Plated Geopede,2.4987500000000002,0.10005002501250625,2.4987500000000002,4,2,0.25,3.7,0.99
220699,Sky Striker Ace - Kaina,2.4987500000000002,0.400200100050025,2.4987500000000002,4,2,1.0,3.02,2.89
236110,Key to the City,2.5012499999999998,0.09195402298850576,2.5012499999999998,4,2,0.23,3.63,1.4
39337,Malefic Blue-Eyes White Dragon,2.5012499999999998,0.2958520739630185,2.5012499999999998,4,2,0.74,3.09,3.08
86849,Lt. Surge (101),2.5025,0.3956043956043956,2.5025,4,2,0.99,3.05,2.79
579594,Infernal Flame Banshee,2.50375,0.19970044932601097,2.50375,4,2,0.5,3.19,3.08
477545,Lombre - 2005 (Michael Gonzalez),2.50375,0.5871193210184722,2.50375,4,2,1.47,3.12,1.49
516701,Omanyte - 138/165,2.50375,0.39540688966550175,2.50375,4,2,0.99,3.06,2.75
27184,Razorfin Abolisher,2.505,0.13972055888223553,2.505,4,2,0.35,3.69,0.89
90602,Wigglytuff (90),2.505,0.39520958083832336,2.505,4,2,0.99,3.17,2.21
189475,"Ajani, the Greathearted",2.5062499999999996,0.37905236907730677,2.5062499999999996,4,2,0.95,3.01,3.1
33721,"Yellow Baboon, Archer of the Forest",2.5062499999999996,0.4708229426433916,2.5062499999999996,4,2,1.18,3.15,1.94
173825,Psychatog - 2002 Carlos Romao (ODY),2.50625,0.25536159600997504,2.50625,4,2,0.64,3.31,2.22
589330,Crystal Barricade,2.5075000000000003,0.38683948155533393,2.5075000000000003,4,2,0.97,3.16,2.32
240269,"Sythis, Harvest's Hand (Showcase)",2.5075000000000003,0.398803589232303,2.5075000000000003,4,2,1.0,3.08,2.66
22704,Remove Trap,2.50875,0.39461883408071746,2.50875,4,2,0.99,3.06,2.79
254399,Swiftfoot Boots,2.51125,0.3982080637132902,2.51125,4,2,1.0,3.11,2.54
86459,Kirlia - 34/109,2.51125,0.3982080637132902,2.51125,4,2,1.0,3.02,2.99
155770,Oathsworn Vampire,2.5125,0.15522388059701492,2.5125,4,2,0.39,3.22,3.22
95611,"Ojutai, Soul of Winter",2.5125,0.31840796019900497,2.5125,4,2,0.8,3.1,3.0
230266,Cyber Dragon Nachster,2.51375,0.2943809050223769,2.51375,4,2,0.74,3.26,2.33
85756,Glalie,2.515,0.3976143141153081,2.515,4,2,1.0,3.14,2.42
9693,Crazed Firecat,2.5162500000000003,0.1987083954297069,2.5162500000000003,4,2,0.5,3.48,1.73
86189,Horsea - 58/97,2.5175,0.4687189672293942,2.5175,4,2,1.18,3.03,2.63
519620,"Osgood, Operation Double (Surge Foil)",2.51875,0.3295285359801489,2.51875,4,2,0.83,3.06,3.19
37021,Jace Beleren,2.51875,0.5121588089330026,2.51875,4,2,1.29,3.05,2.32
516517,Pikachu,2.51875,0.3970223325062035,2.51875,4,2,1.0,3.03,3.0
193360,Dire Fleet Daredevil,2.52,0.3968253968253968,2.52,4,2,1.0,3.08,2.76
222545,In Garruk's Wake,2.52,0.39285714285714285,2.52,4,2,0.99,3.04,2.98
589403,Crystal Barricade (Extended Art),2.52125,0.39662865642042633,2.52125,4,2,1.0,3.1,2.67
93238,Villainous Wealth,2.5225,0.2537165510406343,2.5225,4,2,0.64,3.29,2.45
499213,"Arwen, Mortal Queen",2.5225,0.3924677898909812,2.5225,4,2,0.99,3.04,3.0
593321,Scion of the Deep // Koma's Coil Doubled-Sided Token,2.5225,0.269573835480674,2.5225,4,2,0.68,3.23,2.67
85608,Gallade E4,2.5237499999999997,0.39623576027736507,2.5237499999999997,4,2,1.0,3.21,2.14
149335,Moon Mirror Shield,2.52375,0.396235760277365,2.52375,4,2,1.0,3.14,2.49
6644,Putrefaction,2.5250000000000004,0.26138613861386134,2.5250000000000004,4,2,0.66,3.22,2.78
88451,Pupitar,2.5250000000000004,0.29702970297029696,2.5250000000000004,4,2,0.75,3.49,1.25
4841,Polar Kraken,2.52625,0.36813458683819894,2.52625,4,2,0.93,3.09,2.9
89463,Spinda,2.52625,0.3958436417615042,2.52625,4,2,1.0,3.19,2.26
83684,Azumarill,2.52625,0.4868876793666502,2.52625,4,2,1.23,3.03,2.6
602811,Bartolomeo,2.52625,0.49480455220188024,2.52625,4,2,1.25,3.24,1.51
526135,"Anim Pakal, Thousandth Moon (Showcase)",2.5275,0.34025717111770526,2.5275,4,2,0.86,3.08,3.1
56973,Transcendent Wings,2.5275,0.19386745796241345,2.5275,4,2,0.49,3.5,1.74
39051,Rot Wolf,2.52875,0.26495304003954523,2.52875,4,2,0.67,3.2,2.89
88363,Primeape,2.52875,0.39149777558082055,2.52875,4,2,0.99,3.04,3.05
174400,Vault of Whispers - 2004 Manuel Bevand (MRD),2.53,0.391304347826087,2.53,4,2,0.99,3.4,1.26
122774,Cataclysmic Gearhulk,2.53125,0.39111111111111113,2.53125,4,2,0.99,3.25,2.02
47701,Royal Assassin,2.53125,0.35555555555555557,2.53125,4,2,0.9,3.06,3.15
130071,Ancient Gear Reactor Dragon,2.53125,0.3950617283950617,2.53125,4,2,1.0,3.12,2.65
89448,Spheal,2.53125,0.3753086419753086,2.53125,4,2,0.95,3.27,2.0
38157,Smother,2.53375,0.2960039467192896,2.53375,4,2,0.75,3.21,2.72
10725,Dermoplasm,2.53375,0.3709916132215096,2.53375,4,2,0.94,3.08,2.99
92277,Korrina,2.53375,0.5130735076467686,2.53375,4,2,1.3,3.09,2.22
57631,Wolfbitten Captive,2.53625,0.4849679645145392,2.53625,4,2,1.23,3.06,2.53
125643,The Zephyr Maze (Planechase Anthology),2.53625,0.03942828979793002,2.53625,4,2,0.1,3.22,3.99
546767,Silent Swordsman Zero,2.53625,0.39428289797930016,2.53625,4,2,1.0,3.06,2.99
86919,Lum Berry,2.53625,0.2799408575653031,2.53625,4,2,0.71,3.49,1.42
84252,Cherrim,2.5375,0.49261083743842365,2.5375,4,2,1.25,3.27,1.45
32812,Allure of Darkness,2.5387500000000003,0.35450516986706054,2.5387500000000003,4,2,0.9,3.12,2.91
89260,Skitty - 70/109,2.54,0.5236220472440946,2.54,4,2,1.33,3.06,2.36
89755,Tangrowth,2.54,0.531496062992126,2.54,4,2,1.35,3.15,1.87
98087,Dragonite (51),2.54,0.4330708661417323,2.54,4,2,1.1,3.16,2.32
36332,Mountain (244),2.54125,0.15346778160354158,2.54125,4,2,0.39,3.69,1.1
94093,Angelic Field Marshal,2.54125,0.38957206099360553,2.54125,4,2,0.99,3.05,3.1
38362,Spined Wurm,2.54125,0.17707820954254797,2.54125,4,2,0.45,3.29,2.98
125641,The Hippodrome (Planechase Anthology),2.54125,0.03935071323167733,2.54125,4,2,0.1,3.35,3.38
83243,Tragic Slip,2.5424999999999995,0.5191740412979352,2.5424999999999995,4,2,1.32,3.03,2.55
524349,Spyglass Siren,2.5425,0.45624385447394294,2.5425,4,2,1.16,3.02,2.92
59646,Tainted Isle,2.5425,0.19665683382497542,2.5425,4,2,0.5,3.42,2.24
128654,Rakdos Signet,2.54375,0.3144963144963145,2.54375,4,2,0.8,3.25,2.5
254576,Geralf's Messenger,2.545,0.39292730844793716,2.545,4,2,1.0,3.06,3.06
15613,Runed Stalactite,2.5462499999999997,0.3966617574864998,2.5462499999999997,4,2,1.01,3.07,3.0
22118,Kaiser Colosseum,2.54625,0.3848797250859106,2.54625,4,2,0.98,3.12,2.81
18321,Mountain (299),2.5475,0.058881256133464184,2.5475,4,2,0.15,3.59,2.13
520070,The Rani (Extended Art) (Surge Foil),2.5475,0.34151128557409227,2.5475,4,2,0.87,3.11,3.09
22946,Exchange,2.5475,0.2904808635917566,2.5475,4,2,0.74,3.15,3.15
244252,Fevered Suspicion (Extended Art),2.5475000000000003,0.4082433758586849,2.5475000000000003,4,2,1.04,3.06,3.0
24343,Emergency Provisions,2.5475000000000003,0.45142296368989193,2.5475000000000003,4,2,1.15,3.12,2.48
454122,Brand,2.54875,0.392349190779794,2.54875,4,2,1.0,3.16,2.59
10776,Goblin Clearcutter,2.54875,0.12162824914173614,2.54875,4,2,0.31,3.82,0.67
513172,Cauldron Familiar,2.55,0.38823529411764707,2.55,4,2,0.99,3.13,2.77
454105,Battlefield Forge,2.55,0.3137254901960785,2.55,4,2,0.8,3.06,3.5
86308,Jellicent (Team Plasma),2.55,0.3137254901960785,2.55,4,2,0.8,3.16,3.0
23476,Red-Eyes Darkness Dragon,2.55125,0.384125428711416,2.55125,4,2,0.98,3.29,2.0
27181,Pyrrhic Revival,2.5525,0.11753183153770812,2.5525,4,2,0.3,3.5,2.32
9673,Slithery Stalker,2.55375,0.5638766519823788,2.55375,4,2,1.44,3.15,1.8
155732,Majestic Heliopterus,2.55375,0.31326480665687717,2.55375,4,2,0.8,3.11,3.28
187186,Dovin's Veto,2.55375,0.3876651982378855,2.55375,4,2,0.99,3.02,3.35
38151,Scragnoth,2.55375,0.3876651982378855,2.55375,4,2,0.99,3.09,3.0
152392,Secret Six Samurai - Fuma,2.55375,0.5756240822320118,2.55375,4,2,1.47,3.04,2.29
476238,Chain Destruction,2.55375,0.39158100832109644,2.55375,4,2,1.0,3.1,2.93
89552,Staryu,2.55375,0.13705335291238374,2.55375,4,2,0.35,3.75,0.98
86829,Lost Remover,2.5549999999999997,0.4696673189823875,2.5549999999999997,4,2,1.2,3.07,2.69
22670,Dark Titan of Terror,2.555,0.17221135029354206,2.555,4,2,0.44,3.49,2.11
539583,Champion's Helm,2.55625,0.4068459657701712,2.55625,4,2,1.04,3.01,3.32
509990,Artazon - 229/197,2.55625,0.39119804400978,2.55625,4,2,1.0,3.11,2.9
100238,Dwynen's Elite,2.5562500000000004,0.039119804400977995,2.5562500000000004,4,2,0.1,3.1,4.75
42470,Electrode,2.5562500000000004,0.3520782396088019,2.5562500000000004,4,2,0.9,3.14,2.95
525293,Oddish - 102,2.5574999999999997,0.5591397849462366,2.5574999999999997,4,2,1.43,3.01,2.55
491270,Guardian Scalelord,2.5575,0.29716520039100686,2.5575,4,2,0.76,3.18,3.04
87540,Misty's Psyduck,2.5575,0.43010752688172044,2.5575,4,2,1.1,3.19,2.31
15412,Arbiter of Knollridge,2.56,0.3046875,2.56,4,2,0.78,3.49,1.47
218373,Trash for Treasure,2.56125,0.19521717911176184,2.56125,4,2,0.5,3.3,2.99
184104,Unbreakable Formation,2.5612500000000002,0.31234748657881894,2.5612500000000002,4,2,0.8,3.15,3.14
88706,Reshiram - BW23,2.5612500000000002,0.48804294777940455,2.5612500000000002,4,2,1.25,3.24,1.79
9160,Pestilence,2.5625,0.27317073170731704,2.5625,4,2,0.7,3.45,1.85
275375,Izzet Signet,2.5625,0.48,2.5625,4,2,1.23,3.01,2.99
206977,Apprentice Illusion Magician,2.5625,0.464390243902439,2.5625,4,2,1.19,3.02,3.02
87114,Magnezone (5),2.5637499999999998,0.22623110677718186,2.5637499999999998,4,2,0.58,3.19,3.4
86882,Lucario,2.5637499999999998,0.5694783032666992,2.5637499999999998,4,2,1.46,3.19,1.64
179404,Soldier (002) // Goblin Token,2.56375,0.3120429058995612,2.56375,4,2,0.8,3.29,2.46
579897,Damnation Art Card (Gold-Stamped Signature),2.565,0.19103313840155944,2.565,4,2,0.49,3.23,3.39
124108,Psychic Energy,2.565,0.4873294346978558,2.565,4,2,1.25,3.05,2.77
15525,Hoofprints of the Stag,2.5650000000000004,0.31189083820662766,2.5650000000000004,4,2,0.8,3.06,3.62
284928,Underworld Goddess of the Closed World,2.5650000000000004,0.2690058479532163,2.5650000000000004,4,2,0.69,3.2,3.14
154460,Despondent Killbot,2.56625,0.2688748173404773,2.56625,4,2,0.69,3.08,3.75
116920,Wolf of Devil's Breach,2.5675,0.34664070107108086,2.5675,4,2,0.89,3.32,2.16
526049,"Gandalf, Westward Voyager (Showcase Scrolls)",2.57,0.3424124513618677,2.57,4,2,0.88,3.13,3.15
9104,Ivory Cup,2.5700000000000003,0.35019455252918286,2.5700000000000003,4,2,0.9,3.18,2.86
87464,Miltank,2.5700000000000003,0.5758754863813229,2.5700000000000003,4,2,1.48,3.12,2.0
263047,Gold Myr,2.5725,0.11661807580174928,2.5725,4,2,0.3,3.32,3.38
1451,Hypnotic Specter,2.5725,0.38483965014577265,2.5725,4,2,0.99,3.12,3.0
498575,Court of Grace,2.57375,0.3885381253035454,2.57375,4,2,1.0,3.1,3.09
87299,Meloetta,2.57375,0.3496843127731909,2.57375,4,2,0.9,3.34,2.09
245870,Ice Rider Calyrex V - SWSH130,2.57375,0.2914035939776591,2.57375,4,2,0.75,3.19,3.14
56271,Falkenrath Noble,2.575,0.3106796116504854,2.575,4,2,0.8,3.2,3.0
10663,Kamahl's Summons,2.57625,0.38427947598253276,2.57625,4,2,0.99,3.22,2.53
83726,Barboach,2.57625,0.21348859776807377,2.57625,4,2,0.55,3.25,3.26
136812,Gladiator Beast Tamer Editor,2.5774999999999997,0.37245392822502427,2.5774999999999997,4,2,0.96,3.01,3.65
102804,Latios - XY65,2.5774999999999997,0.38797284190106696,2.5774999999999997,4,2,1.0,3.02,3.52
94703,"Freyalise, Llanowar's Fury (Commander 2014)",2.57875,0.44595249636451767,2.57875,4,2,1.15,3.03,3.18
12540,Skull Collector,2.57875,0.3567619970916142,2.57875,4,2,0.92,3.46,1.49
34996,Into The Void,2.57875,0.19001454192922929,2.57875,4,2,0.49,3.01,4.6
59978,Tormented Soul,2.5787500000000003,0.31022782355792533,2.5787500000000003,4,2,0.8,3.12,3.43
498487,Doors of Durin,2.58,0.05813953488372093,2.58,4,2,0.15,3.53,2.69
125620,Prahv (Planechase Anthology),2.58,0.03875968992248062,2.58,4,2,0.1,3.39,3.49
39113,Decimator Web,2.58125,0.4958837772397095,2.58125,4,2,1.28,3.03,2.94
476427,Metal Dragon,2.58125,0.32929782082324455,2.58125,4,2,0.85,3.54,1.25
235532,"Willowdusk, Essence Seer (Extended Art)",2.5825,0.3872216844143272,2.5825,4,2,1.0,3.27,2.31
539455,"Liberty Prime, Recharged (Surge Foil)",2.5837499999999998,0.09288824383164006,2.5837499999999998,4,2,0.24,3.28,3.79
27212,Springjack Shepherd,2.58375,0.5302370585389453,2.58375,4,2,1.37,3.09,2.48
88487,Quilava,2.58375,0.3096274794388002,2.58375,4,2,0.8,3.29,2.62
116222,Altered Ego,2.585,0.4951644100580271,2.585,4,2,1.28,3.05,2.87
513872,Malleable Impostor (Extended Art),2.585,0.2901353965183752,2.585,4,2,0.75,3.21,3.13
512066,Dawnbreak Reclaimer,2.585,0.390715667311412,2.585,4,2,1.01,3.13,3.01
504490,Vindictive Lich (Foil Etched),2.5862499999999997,0.39826002899951674,2.5862499999999997,4,2,1.03,3.28,2.23
255758,Storm the Festival,2.5862499999999997,0.39826002899951674,2.5862499999999997,4,2,1.03,3.05,3.38
206024,Swamp,2.5875,0.48309178743961356,2.5875,4,2,1.25,3.05,2.95
136755,Fire Energy (2011 Play! Pokemon),2.5875,0.4444444444444444,2.5875,4,2,1.15,3.08,3.0
26505,Cyberdark Horn,2.58875,0.23949782713664894,2.58875,4,2,0.62,3.25,3.22
161568,Cloudshift,2.59,0.11196911196911197,2.59,4,2,0.29,3.34,3.44
88561,Ralts,2.5912499999999996,0.5750120598166909,2.5912499999999996,4,2,1.49,3.15,2.0
87642,Munna - 7/12,2.5912499999999996,0.47853352629040047,2.5912499999999996,4,2,1.24,3.05,3.0
594326,Kuzan (OP02-121) (Reprint),2.5925,0.3857280617164899,2.5925,4,2,1.0,3.05,3.49
33727,Dark Rabbit,2.5925000000000002,0.5091610414657666,2.5925000000000002,4,2,1.32,3.03,2.95
251098,Pikachu V-Union - SWSH142,2.5925000000000002,0.4821600771456123,2.5925000000000002,4,2,1.25,3.04,3.04
230295,Galaxy-Eyes Afterglow Dragon,2.59375,0.30843373493975906,2.59375,4,2,0.8,3.18,3.25
86006,Happiny,2.59375,0.4819277108433735,2.59375,4,2,1.25,3.24,2.05
188348,"Chandra, Fire Artisan",2.5949999999999998,0.3082851637764933,2.5949999999999998,4,2,0.8,3.25,2.91
12082,Lantern-Lit Graveyard,2.595,0.3815028901734104,2.595,4,2,0.99,3.08,3.38
107082,Pokemon Center,2.595,0.3314065510597302,2.595,4,2,0.86,3.22,2.94
39578,Shrine of Burning Rage,2.59625,0.2850264805007222,2.59625,4,2,0.74,3.19,3.34
23427,Mystic Swordsman LV6,2.59625,0.5392392874337987,2.59625,4,2,1.4,3.04,2.77
38070,Blastoderm,2.5962500000000004,0.4082811747713047,2.5962500000000004,4,2,1.06,3.1,3.15
615124,Mindspring Merfolk (First-Place Foil),2.5975,0.4581328200192492,2.5975,4,2,1.19,3.06,3.1
88412,Psychic Cube 01,2.5975,0.35418671799807505,2.5975,4,2,0.92,3.19,2.99
32921,Tuningware,2.59875,0.46176046176046176,2.59875,4,2,1.2,3.08,2.99
87582,Mothim,2.59875,0.3848003848003848,2.59875,4,2,1.0,3.16,2.99
145601,Dire Fleet Ravager,2.5999999999999996,0.46153846153846156,2.5999999999999996,4,2,1.2,3.13,2.75
13718,Izzet Guildmage,2.60125,0.1268620855358001,2.60125,4,2,0.33,3.28,3.75
85202,Empoleon - BW56,2.60125,0.422873618452667,2.60125,4,2,1.1,3.15,2.86
85404,Feebas,2.6012500000000003,0.3536761172513215,2.6012500000000003,4,2,0.92,3.29,2.52
513859,Shadow Puppeteers,2.6025,0.11911623439000961,2.6025,4,2,0.31,3.39,3.25
521617,Dalek // Dinosaur Double-Sided Token (Surge Foil),2.6025,0.3804034582132565,2.6025,4,2,0.99,3.14,3.14
111570,Fighting Fury Belt,2.6025,0.3804034582132565,2.6025,4,2,0.99,3.14,3.14
609885,Stormcarved Coast,2.60375,0.48007681228996646,2.60375,4,2,1.25,3.06,3.03
165464,"Darkest Diabolos, Lord of the Lair",2.60375,0.5914546327412387,2.60375,4,2,1.54,3.04,2.55
481219,Lucario EX - 2015 (Rowan Stavenow),2.60375,0.38406144983197316,2.60375,4,2,1.0,3.21,2.78
69090,Windreader Sphinx,2.6037500000000002,0.1881901104176668,2.6037500000000002,4,2,0.49,3.43,2.7
33468,Vampire's Bite,2.605,0.26871401151631474,2.605,4,2,0.7,3.53,1.79
262837,Ruthless Technomancer,2.60625,0.28776978417266186,2.60625,4,2,0.75,3.25,3.1
213101,Ninetales V,2.60625,0.38369304556354916,2.60625,4,2,1.0,3.15,3.1
120470,Conduit of Storms,2.6075,0.3068072866730585,2.6075,4,2,0.8,3.22,3.16
212524,Kodama's Reach,2.6075,0.4793863854266539,2.6075,4,2,1.25,3.1,2.86
276905,Rancor,2.6087499999999997,0.38332534738859614,2.6087499999999997,4,2,1.0,3.3,2.37
126363,"Rishkar, Peema Renegade",2.60875,0.18782942022041207,2.60875,4,2,0.49,3.47,2.54
